{"song":{"player1":"bf","notes":[{"sectionNotes":[[0,0,0],[230,2,0],[461,1,0],[692,2,0],[923,3,0],[1153,2,0],[1384,1,0],[1615,0,0]],"lengthInSteps":16,"typeOfSection":0,"altAnim":false,"bpm":130,"mustHitSection":false},{"sectionNotes":[[1846,0,0],[2076,2,0],[2307,1,0],[2538,2,0],[2769,1,0],[3000,2,0],[3230,3,0],[3274,0,0],[3322,1,0],[3461,1,0]],"lengthInSteps":16,"typeOfSection":0,"altAnim":false,"bpm":130,"mustHitSection":false},{"sectionNotes":[[3692,0,0],[3923,0,0],[4153,3,0],[4384,2,0],[4615,1,0],[4846,2,0],[5076,1,0],[5307,2,0]],"lengthInSteps":16,"typeOfSection":0,"altAnim":false,"bpm":130,"mustHitSection":false},{"sectionNotes":[[5538,1,0],[5769,3,0],[6000,1,0],[6230,1,0],[6461,2,0],[6692,1,0],[6923,2,0],[7153,3,0]],"lengthInSteps":16,"typeOfSection":0,"altAnim":false,"bpm":130,"mustHitSection":false},{"sectionNotes":[[7384.616,1,0],[7615.385,2,0],[7846.154,1,0],[8076.924,2,0],[8307.693,1,0],[8538.462,2,0],[8769.231,1,0],[9000,3,0]],"lengthInSteps":16,"typeOfSection":0,"altAnim":false,"bpm":130,"mustHitSection":true},{"sectionNotes":[[9230.77,1,0],[9461.539,2,0],[9692.308,1,0],[9923.077,2,0],[10153.847,0,0],[10384.616,2,0],[10615.385,2,0],[10658.654,2,0],[10706.731,0,0],[10846.154,1,0]],"lengthInSteps":16,"typeOfSection":0,"altAnim":false,"bpm":130,"mustHitSection":true},{"sectionNotes":[[11076.924,0,0],[11307.693,2,0],[11538.462,3,0],[11769.231,2,0],[12000,1,0],[12230.77,2,0],[12461.539,1,0],[12692.308,2,0]],"lengthInSteps":16,"typeOfSection":0,"altAnim":false,"bpm":130,"mustHitSection":true},{"sectionNotes":[[12923.077,1,0],[13153.847,3,0],[13384.616,0,0],[13615.385,1,0],[13846.154,2,0],[14076.924,1,0],[14307.693,1,0],[14538.462,0,0]],"lengthInSteps":16,"typeOfSection":0,"altAnim":false,"bpm":130,"mustHitSection":true},{"sectionNotes":[[14769,0,0],[15000,0,0],[15230,0,0],[15346,1,0],[15461,3,0],[15692,0,0],[15923,0,0],[16038,3,0],[16269,0,0],[16384,3,0]],"lengthInSteps":16,"typeOfSection":0,"altAnim":false,"bpm":130,"mustHitSection":false},{"sectionNotes":[[16615,0,0],[16846,0,0],[17076,1,0],[17192,2,0],[17307,0,0],[17538,1,0],[17769,0,0],[17884,2,0],[18115,1,0],[18230,2,0]],"lengthInSteps":16,"typeOfSection":0,"altAnim":false,"bpm":130,"mustHitSection":false},{"sectionNotes":[[18461,3,0],[18692,0,0],[18923,3,0],[19038,2,0],[19153,0,0],[19384,1,0],[19615,2,0],[19730,0,0],[19961,0,0],[20076,3,0],[20192,2,0],[20298,3,0]],"lengthInSteps":16,"typeOfSection":0,"altAnim":false,"bpm":130,"mustHitSection":false},{"sectionNotes":[[20418,0,0],[20538,0,0],[20769,1,0],[20884,3,0],[21000,2,0],[21230,3,0],[21461,1,0],[21576,2,0],[21692,2,0],[21923,2,0]],"lengthInSteps":16,"typeOfSection":0,"altAnim":false,"bpm":130,"mustHitSection":false},{"sectionNotes":[[22153.847,0,0],[22384.616,3,0],[22615.385,0,0],[22730.77,1,0],[22846.154,2,0],[23076.924,0,0],[23307.693,0,0],[23423.077,3,0],[23653.847,0,0],[23769.231,3,0]],"lengthInSteps":16,"typeOfSection":0,"altAnim":false,"bpm":130,"mustHitSection":true},{"sectionNotes":[[24000,2,0],[24230.77,3,0],[24461.539,0,0],[24576.924,1,0],[24692.308,2,0],[24923.077,0,0],[25153.847,2,0],[25269.231,2,0],[25500,1,0],[25615.385,2,0]],"lengthInSteps":16,"typeOfSection":0,"altAnim":false,"bpm":130,"mustHitSection":true},{"sectionNotes":[[25846.154,0,0],[26076.924,1,0],[26307.693,2,0],[26423.077,2,0],[26538.462,1,0],[26769.231,1,0],[27000,2,0],[27115.385,0,0],[27346.154,0,0],[27461.539,3,0],[27576.924,2,0],[27682.693,3,0]],"lengthInSteps":16,"typeOfSection":0,"altAnim":false,"bpm":130,"mustHitSection":true},{"sectionNotes":[[27802.885,2,0],[27923.077,1,0],[28153.847,0,0],[28269.231,2,0],[28384.616,0,0],[28615.385,1,0],[28846.154,0,0],[28961.539,3,0],[29076.924,2,0],[29307.693,0,0]],"lengthInSteps":16,"typeOfSection":0,"altAnim":false,"bpm":130,"mustHitSection":true},{"sectionNotes":[[29538,1,0],[29653,2,0],[29769,3,0],[30000,3,0],[30115,0,0],[30230,1,0],[30461,3,0],[30692,2,0],[30923,1,0],[31153,2,0]],"lengthInSteps":16,"typeOfSection":0,"altAnim":false,"bpm":130,"mustHitSection":false},{"sectionNotes":[[31384,1,0],[31500,2,0],[31615,3,0],[31730,0,0],[31846,0,0],[32076,1,0],[32307,3,288],[32769,1,288]],"lengthInSteps":16,"typeOfSection":0,"altAnim":false,"bpm":130,"mustHitSection":false},{"sectionNotes":[[33230,3,0],[33346,3,0],[33461,0,0],[33692,0,0],[33923,3,0],[34153,1,0],[34269,3,0],[34384,1,0],[34500,1,0],[34615,0,0],[34730,3,0],[34846,3,0],[34961,1,0]],"lengthInSteps":16,"typeOfSection":0,"altAnim":false,"bpm":130,"mustHitSection":false},{"sectionNotes":[[35076,0,0],[35307,2,0],[35538,2,0],[35769,3,0],[36000,1,0],[36461,1,0]],"lengthInSteps":16,"typeOfSection":0,"altAnim":false,"bpm":130,"mustHitSection":false},{"sectionNotes":[[36923,2,0],[37038,0,0],[37153,3,0],[37384,2,0],[37500,2,0],[37615,0,0],[37846,1,0],[37961,1,0],[38076,3,0],[38307,3,0],[38423,3,0],[38538,1,0]],"lengthInSteps":16,"typeOfSection":0,"altAnim":false,"bpm":130,"mustHitSection":false},{"sectionNotes":[[38769,0,750],[39692,1,288],[40153,0,346]],"lengthInSteps":16,"typeOfSection":0,"altAnim":false,"bpm":130,"mustHitSection":false},{"sectionNotes":[[40615,0,0],[40730,1,0],[40846,3,0],[41076,1,0],[41307,3,0],[41538,0,0],[41653,2,0],[41769,2,0],[41884,0,0],[42000,1,0],[42115,3,0],[42230,2,0],[42346,1,0]],"lengthInSteps":16,"typeOfSection":0,"altAnim":false,"bpm":130,"mustHitSection":false},{"sectionNotes":[[42461,0,0],[42923,0,0],[43384,1,0],[43615,1,0],[43730,1,0],[43846,3,0]],"lengthInSteps":16,"typeOfSection":0,"altAnim":false,"bpm":130,"mustHitSection":false},{"sectionNotes":[[44307.693,2,0],[44423.077,3,0],[44538.462,3,0],[44769.231,3,0],[44884.616,2,0],[45000,1,0],[45230.77,3,0],[45461.539,2,0],[45692.308,1,0],[45923.077,3,0]],"lengthInSteps":16,"typeOfSection":0,"altAnim":false,"bpm":130,"mustHitSection":true},{"sectionNotes":[[46153.847,1,0],[46269.231,2,0],[46384.616,3,0],[46500,1,0],[46615.385,1,0],[46846.154,1,0],[47538.4615384615,1,346.153846153846],[47076.9230769231,3,346.153846153846]],"lengthInSteps":16,"typeOfSection":0,"altAnim":false,"bpm":130,"mustHitSection":true},{"sectionNotes":[[48000,3,0],[48115.385,3,0],[48230.77,3,0],[48461.539,3,0],[48692.308,3,0],[48923.077,1,0],[49038.462,3,0],[49153.847,0,0],[49269.231,2,0],[49384.616,0,0],[49500,1,0],[49615.385,3,0],[49730.77,1,0]],"lengthInSteps":16,"typeOfSection":0,"altAnim":false,"bpm":130,"mustHitSection":true},{"sectionNotes":[[49846.154,2,0],[50076.924,0,0],[50307.693,3,0],[50538.462,3,0],[50769.2307692308,1,346.153846153846],[51230.7692307692,2,346.153846153846]],"lengthInSteps":16,"typeOfSection":0,"altAnim":false,"bpm":130,"mustHitSection":true},{"sectionNotes":[[51692.308,2,0],[51807.693,2,0],[51923.077,3,0],[52153.847,3,0],[52269.231,3,0],[52384.616,3,0],[52615.385,1,0],[52730.77,1,0],[52846.154,2,0],[53076.924,3,0],[53192.308,3,0],[53307.693,3,0]],"lengthInSteps":16,"typeOfSection":0,"altAnim":false,"bpm":130,"mustHitSection":true},{"sectionNotes":[[53538.4615384615,0,807.692307692308],[54461.5384615384,0,346.153846153846],[54923.0769230769,2,346.153846153846]],"lengthInSteps":16,"typeOfSection":0,"altAnim":false,"bpm":130,"mustHitSection":true},{"sectionNotes":[[55384.616,2,0],[55500,3,0],[55615.385,3,0],[55846.154,1,0],[56076.924,3,0],[56307.693,3,0],[56423.077,1,0],[56538.462,0,0],[56653.847,1,0],[56769.231,0,0],[56884.616,0,0],[57000,1,0],[57115.385,2,0]],"lengthInSteps":16,"typeOfSection":0,"altAnim":false,"bpm":130,"mustHitSection":true},{"sectionNotes":[[58153.847,1,0],[58384.616,1,0],[58500,1,0],[57230.7692307692,0,346.153846153846],[57692.3076923077,2,346.153846153846],[58615.3846153846,3,346.153846153846]],"lengthInSteps":16,"typeOfSection":0,"altAnim":false,"bpm":130,"mustHitSection":true},{"sectionNotes":[[59076.9230769231,1,0],[59307.6923076923,0,0],[59538.4615384615,3,0],[59769.2307692308,1,0],[60000,2,0],[60230.7692307692,0,0],[60461.5384615384,3,0],[60692.3076923077,1,0]],"lengthInSteps":16,"typeOfSection":0,"altAnim":false,"bpm":130,"mustHitSection":true},{"sectionNotes":[[60923,0,0],[61153,2,0],[61384,1,0],[61500,3,0],[61615,0,0],[61846,2,0],[62076,3,0],[62192,1,0],[62307,1,0],[62538,3,0]],"lengthInSteps":16,"typeOfSection":0,"altAnim":false,"bpm":130,"mustHitSection":false},{"sectionNotes":[[62769.2307692307,1,0],[63000,2,0],[63230.7692307692,3,0],[63461.5384615384,2,0],[63692.3076923077,1,0],[63923.0769230769,0,0],[64153.8461538461,1,0],[64384.6153846154,2,0]],"lengthInSteps":16,"typeOfSection":0,"altAnim":false,"bpm":130,"mustHitSection":true},{"lengthInSteps":16,"typeOfSection":0,"sectionNotes":[[64615,1,0],[64846,2,0],[65076,0,0],[65192,3,0],[65307,0,0],[65538,1,0],[65769,2,0],[66000,1,0],[66230,3,0],[64730,1,0]],"altAnim":false,"bpm":130,"changeBPM":false,"mustHitSection":false},{"lengthInSteps":16,"typeOfSection":0,"sectionNotes":[[66461,1,0],[66692,2,0],[66923,0,0],[67153,3,0],[67384,2,0],[67615,1,0],[67846,1,0],[68076,3,0]],"altAnim":false,"bpm":130,"changeBPM":false,"mustHitSection":false},{"lengthInSteps":16,"typeOfSection":0,"sectionNotes":[[68307.6923076923,1,0],[68538.4615384615,2,0],[68769.2307692308,1,0],[68884.6153846154,2,0],[69000,3,0],[69230.7692307692,1,0],[69461.5384615384,0,0],[69576.923076923,3,0],[69807.6923076923,2,0],[69923.0769230769,1,0]],"altAnim":false,"bpm":130,"changeBPM":false,"mustHitSection":true},{"lengthInSteps":16,"typeOfSection":0,"sectionNotes":[[70153,1,0],[70384,3,0],[70615,0,0],[70846,1,0],[71076,2,0],[71307,3,0],[71538,0,0],[71769,2,0]],"altAnim":false,"bpm":130,"changeBPM":false,"mustHitSection":false},{"lengthInSteps":16,"typeOfSection":0,"sectionNotes":[[72000,1,0],[72115.3846153846,1,0],[72230.7692307692,2,0],[72461.5384615384,3,0],[72692.3076923077,0,0],[72923.0769230769,2,0],[73153.8461538461,1,0],[73269.2307692307,1,0],[73500,0,0],[73730.7692307692,2,0]],"altAnim":false,"bpm":130,"changeBPM":false,"mustHitSection":true},{"sectionNotes":[[73846.1538461538,3,0]],"typeOfSection":0,"lengthInSteps":16,"altAnim":false,"mustHitSection":true,"changeBPM":false,"bpm":130},{"sectionNotes":[],"typeOfSection":0,"lengthInSteps":16,"altAnim":false,"mustHitSection":true,"changeBPM":false,"bpm":130},{"sectionNotes":[],"typeOfSection":0,"lengthInSteps":16,"altAnim":false,"mustHitSection":true,"changeBPM":false,"bpm":130},{"sectionNotes":[],"typeOfSection":0,"lengthInSteps":16,"altAnim":false,"mustHitSection":true,"changeBPM":false,"bpm":130},{"sectionNotes":[],"typeOfSection":0,"lengthInSteps":16,"altAnim":false,"mustHitSection":true,"changeBPM":false,"bpm":130},{"lengthInSteps":16,"typeOfSection":0,"sectionNotes":[],"altAnim":false,"bpm":130,"changeBPM":false,"mustHitSection":true},{"lengthInSteps":16,"typeOfSection":0,"sectionNotes":[],"altAnim":false,"bpm":130,"changeBPM":false,"mustHitSection":true},{"sectionNotes":[],"typeOfSection":0,"lengthInSteps":16,"altAnim":false,"mustHitSection":true,"changeBPM":false,"bpm":130},{"lengthInSteps":16,"altAnim":false,"typeOfSection":0,"sectionNotes":[],"bpm":130,"changeBPM":false,"mustHitSection":true}],"player2":"pico","isHey":false,"cutsceneType":"none","song":"pico","isSpooky":false,"validScore":true,"speed":2,"isMoody":false,"sectionLengths":[],"uiType":"normal","stage":"philly","sections":0,"needsVoices":true,"gf":"gf","bpm":130}}